customer_id,Segment
1,Loyal Customers
2,At Risk
3,Loyal Customers
4,At Risk
5,Potential Loyalist
6,Potential Loyalist
7,At Risk
8,Loyal Customers
9,Potential Loyalist
10,New Customers
11,Potential Loyalist
12,Potential Loyalist
13,Potential Loyalist
14,New Customers
15,Potential Loyalist
16,Potential Loyalist
17,New Customers
18,Potential Loyalist
19,New Customers
20,New Customers
21,Potential Loyalist
22,Loyal Customers
23,Potential Loyalist
24,Potential Loyalist
25,Loyal Customers
26,At Risk
27,Potential Loyalist
28,Potential Loyalist
29,Loyal Customers
30,New Customers
31,New Customers
32,Potential Loyalist
33,Potential Loyalist
34,Loyal Customers
35,New Customers
36,At Risk
37,Loyal Customers
38,New Customers
39,Loyal Customers
40,Potential Loyalist
41,Loyal Customers
42,At Risk
43,Potential Loyalist
44,Potential Loyalist
45,New Customers
46,New Customers
47,Potential Loyalist
48,Loyal Customers
49,Potential Loyalist
50,Loyal Customers
51,Loyal Customers
52,Potential Loyalist
53,New Customers
54,Potential Loyalist
55,Potential Loyalist
56,Potential Loyalist
57,Potential Loyalist
58,Potential Loyalist
59,New Customers
60,At Risk
61,Potential Loyalist
62,Potential Loyalist
63,New Customers
64,New Customers
65,Potential Loyalist
66,Potential Loyalist
67,At Risk
68,New Customers
69,Potential Loyalist
70,New Customers
71,At Risk
72,New Customers
73,At Risk
74,New Customers
75,Potential Loyalist
76,Potential Loyalist
77,New Customers
78,At Risk
79,Potential Loyalist
80,Loyal Customers
81,New Customers
82,New Customers
83,Potential Loyalist
84,Potential Loyalist
85,New Customers
86,Loyal Customers
87,Loyal Customers
88,Potential Loyalist
89,Loyal Customers
90,Potential Loyalist
91,Potential Loyalist
92,New Customers
93,New Customers
94,Potential Loyalist
95,New Customers
96,New Customers
97,Potential Loyalist
98,At Risk
99,Loyal Customers
100,New Customers
101,New Customers
102,Potential Loyalist
103,New Customers
104,Potential Loyalist
105,New Customers
106,New Customers
107,New Customers
108,New Customers
109,Loyal Customers
110,Potential Loyalist
111,At Risk
112,Potential Loyalist
113,At Risk
114,New Customers
115,Potential Loyalist
116,Potential Loyalist
117,Loyal Customers
118,New Customers
119,New Customers
120,At Risk
121,At Risk
122,Potential Loyalist
123,At Risk
124,Potential Loyalist
125,Loyal Customers
126,New Customers
127,Loyal Customers
128,At Risk
129,At Risk
130,New Customers
131,At Risk
132,Potential Loyalist
133,New Customers
134,Potential Loyalist
135,Potential Loyalist
136,Loyal Customers
137,New Customers
138,Potential Loyalist
139,Loyal Customers
140,Potential Loyalist
141,At Risk
142,Loyal Customers
143,New Customers
144,Loyal Customers
145,Potential Loyalist
146,At Risk
147,Potential Loyalist
148,Potential Loyalist
149,Potential Loyalist
150,New Customers
151,Loyal Customers
152,At Risk
153,Potential Loyalist
154,New Customers
155,New Customers
156,New Customers
157,At Risk
158,Potential Loyalist
159,Potential Loyalist
160,New Customers
161,At Risk
162,New Customers
163,At Risk
164,At Risk
165,Loyal Customers
166,Loyal Customers
167,Loyal Customers
168,Potential Loyalist
169,New Customers
170,New Customers
171,Loyal Customers
172,Potential Loyalist
173,Loyal Customers
174,Loyal Customers
175,Potential Loyalist
176,Potential Loyalist
177,Loyal Customers
178,New Customers
179,New Customers
180,Potential Loyalist
181,New Customers
182,Potential Loyalist
183,Potential Loyalist
184,New Customers
185,Potential Loyalist
186,Potential Loyalist
187,Potential Loyalist
188,Potential Loyalist
189,Potential Loyalist
190,New Customers
191,At Risk
192,New Customers
193,Potential Loyalist
194,At Risk
195,Loyal Customers
196,Potential Loyalist
197,Loyal Customers
198,Loyal Customers
199,New Customers
200,Loyal Customers
201,Loyal Customers
202,New Customers
203,New Customers
204,Loyal Customers
205,Potential Loyalist
206,New Customers
207,At Risk
208,New Customers
209,Potential Loyalist
210,Potential Loyalist
211,Loyal Customers
212,At Risk
213,Loyal Customers
214,Potential Loyalist
215,Loyal Customers
216,New Customers
217,Loyal Customers
218,New Customers
219,Potential Loyalist
220,Potential Loyalist
221,Potential Loyalist
222,New Customers
223,Potential Loyalist
224,Potential Loyalist
225,New Customers
226,At Risk
227,New Customers
228,New Customers
229,New Customers
230,Loyal Customers
231,New Customers
232,At Risk
233,Potential Loyalist
234,Loyal Customers
235,Loyal Customers
236,New Customers
237,Potential Loyalist
238,Potential Loyalist
239,Loyal Customers
240,Potential Loyalist
241,New Customers
242,Potential Loyalist
243,Potential Loyalist
244,At Risk
245,New Customers
246,Loyal Customers
247,Potential Loyalist
248,Potential Loyalist
249,Potential Loyalist
250,Loyal Customers
251,New Customers
252,New Customers
253,New Customers
254,Potential Loyalist
255,Loyal Customers
256,Potential Loyalist
257,Potential Loyalist
258,New Customers
259,New Customers
260,Loyal Customers
261,Loyal Customers
262,New Customers
263,Potential Loyalist
264,New Customers
265,New Customers
266,New Customers
267,At Risk
268,New Customers
269,At Risk
270,Potential Loyalist
271,At Risk
272,Potential Loyalist
273,Loyal Customers
274,At Risk
275,Potential Loyalist
276,Potential Loyalist
277,New Customers
278,At Risk
279,New Customers
280,Loyal Customers
281,New Customers
282,New Customers
283,Potential Loyalist
284,At Risk
285,Potential Loyalist
286,At Risk
287,At Risk
288,New Customers
289,Loyal Customers
290,Potential Loyalist
291,New Customers
292,Potential Loyalist
293,New Customers
294,Potential Loyalist
295,Potential Loyalist
296,New Customers
297,New Customers
298,Loyal Customers
299,Potential Loyalist
300,At Risk
301,New Customers
302,At Risk
303,New Customers
304,Potential Loyalist
305,Potential Loyalist
306,At Risk
307,Loyal Customers
308,Potential Loyalist
309,New Customers
310,Potential Loyalist
311,Potential Loyalist
312,Potential Loyalist
313,Potential Loyalist
314,Potential Loyalist
315,Loyal Customers
316,New Customers
317,Potential Loyalist
318,Potential Loyalist
319,Potential Loyalist
320,Loyal Customers
321,New Customers
322,Loyal Customers
323,Potential Loyalist
324,New Customers
325,Potential Loyalist
326,At Risk
327,Potential Loyalist
328,Potential Loyalist
329,Potential Loyalist
330,Potential Loyalist
331,Potential Loyalist
332,At Risk
333,Potential Loyalist
334,Potential Loyalist
335,New Customers
336,New Customers
337,Potential Loyalist
338,Potential Loyalist
339,Potential Loyalist
340,Potential Loyalist
341,At Risk
342,New Customers
343,Loyal Customers
344,Loyal Customers
345,Potential Loyalist
346,Loyal Customers
347,Loyal Customers
348,Potential Loyalist
349,At Risk
350,Potential Loyalist
351,New Customers
352,Potential Loyalist
353,Loyal Customers
354,Potential Loyalist
355,New Customers
356,Potential Loyalist
357,Loyal Customers
358,New Customers
359,Loyal Customers
360,Potential Loyalist
361,Potential Loyalist
362,New Customers
363,Loyal Customers
364,Potential Loyalist
365,Potential Loyalist
366,Potential Loyalist
367,Potential Loyalist
368,Loyal Customers
369,Loyal Customers
370,Potential Loyalist
371,Potential Loyalist
372,Potential Loyalist
373,At Risk
374,Potential Loyalist
375,New Customers
376,New Customers
377,Loyal Customers
378,Potential Loyalist
379,At Risk
380,Loyal Customers
381,Potential Loyalist
382,Potential Loyalist
383,New Customers
384,New Customers
385,Loyal Customers
386,New Customers
387,New Customers
388,New Customers
389,New Customers
390,Potential Loyalist
391,New Customers
392,Potential Loyalist
393,At Risk
394,Potential Loyalist
395,Potential Loyalist
396,Potential Loyalist
397,New Customers
398,Potential Loyalist
399,Potential Loyalist
400,At Risk
401,Potential Loyalist
402,Potential Loyalist
403,Potential Loyalist
404,Loyal Customers
405,Potential Loyalist
406,Potential Loyalist
407,Loyal Customers
408,New Customers
409,New Customers
410,Potential Loyalist
411,At Risk
412,New Customers
413,At Risk
414,Potential Loyalist
415,At Risk
416,New Customers
417,Potential Loyalist
418,Potential Loyalist
419,Potential Loyalist
420,Loyal Customers
421,Potential Loyalist
422,At Risk
423,At Risk
424,Potential Loyalist
425,Loyal Customers
426,Loyal Customers
427,New Customers
428,Loyal Customers
429,Loyal Customers
430,Potential Loyalist
431,At Risk
432,Loyal Customers
433,Loyal Customers
434,At Risk
435,New Customers
436,New Customers
437,Potential Loyalist
438,Loyal Customers
439,Potential Loyalist
440,Potential Loyalist
441,New Customers
442,Potential Loyalist
443,At Risk
444,Potential Loyalist
445,Loyal Customers
446,Loyal Customers
447,Potential Loyalist
448,At Risk
449,Potential Loyalist
450,New Customers
451,Potential Loyalist
452,New Customers
453,Potential Loyalist
454,Potential Loyalist
455,New Customers
456,Potential Loyalist
457,Potential Loyalist
458,New Customers
459,Potential Loyalist
460,New Customers
461,Loyal Customers
462,Potential Loyalist
463,Potential Loyalist
464,Potential Loyalist
465,Potential Loyalist
466,Potential Loyalist
467,At Risk
468,Potential Loyalist
469,Loyal Customers
470,Potential Loyalist
471,Potential Loyalist
472,Potential Loyalist
473,Loyal Customers
474,New Customers
475,Potential Loyalist
476,New Customers
477,Potential Loyalist
478,Loyal Customers
479,Loyal Customers
480,New Customers
481,New Customers
482,Loyal Customers
483,Potential Loyalist
484,New Customers
485,Potential Loyalist
486,Potential Loyalist
487,At Risk
488,Potential Loyalist
489,At Risk
490,Loyal Customers
491,Potential Loyalist
492,New Customers
493,New Customers
494,At Risk
495,Potential Loyalist
496,New Customers
497,New Customers
498,Loyal Customers
499,Loyal Customers
500,Loyal Customers
501,At Risk
502,At Risk
503,New Customers
504,Potential Loyalist
505,Potential Loyalist
506,Loyal Customers
507,Potential Loyalist
508,At Risk
509,Potential Loyalist
510,New Customers
511,New Customers
512,New Customers
513,Potential Loyalist
514,Potential Loyalist
515,Loyal Customers
516,Loyal Customers
517,Potential Loyalist
518,At Risk
519,New Customers
520,New Customers
521,At Risk
522,New Customers
523,Potential Loyalist
524,Potential Loyalist
525,Loyal Customers
526,At Risk
527,New Customers
528,Potential Loyalist
529,Potential Loyalist
530,At Risk
531,New Customers
532,Potential Loyalist
533,Potential Loyalist
534,Potential Loyalist
535,New Customers
536,New Customers
537,New Customers
538,Potential Loyalist
539,Potential Loyalist
540,Potential Loyalist
541,At Risk
542,Potential Loyalist
543,New Customers
544,At Risk
545,Potential Loyalist
546,Potential Loyalist
547,Potential Loyalist
548,Potential Loyalist
549,Potential Loyalist
550,New Customers
551,At Risk
552,At Risk
553,Potential Loyalist
554,New Customers
555,At Risk
556,Potential Loyalist
557,At Risk
558,Potential Loyalist
559,New Customers
560,Potential Loyalist
561,Potential Loyalist
562,New Customers
563,Potential Loyalist
564,Potential Loyalist
565,Loyal Customers
566,New Customers
567,New Customers
568,Potential Loyalist
569,Potential Loyalist
570,Potential Loyalist
571,New Customers
572,Potential Loyalist
573,At Risk
574,At Risk
575,At Risk
576,Potential Loyalist
577,Loyal Customers
578,At Risk
579,Loyal Customers
580,New Customers
581,New Customers
582,At Risk
583,New Customers
584,At Risk
585,Potential Loyalist
586,New Customers
587,Potential Loyalist
588,Potential Loyalist
589,New Customers
590,Loyal Customers
591,At Risk
592,At Risk
593,Potential Loyalist
594,Loyal Customers
595,At Risk
596,New Customers
597,New Customers
598,Potential Loyalist
599,Potential Loyalist
600,At Risk
601,New Customers
602,Potential Loyalist
603,Potential Loyalist
604,Potential Loyalist
605,Loyal Customers
606,Potential Loyalist
607,Loyal Customers
608,Loyal Customers
609,New Customers
610,Loyal Customers
611,Loyal Customers
612,New Customers
613,Potential Loyalist
614,Loyal Customers
615,New Customers
616,New Customers
617,New Customers
618,At Risk
619,Potential Loyalist
620,Potential Loyalist
621,Loyal Customers
622,At Risk
623,New Customers
624,New Customers
625,Potential Loyalist
626,Loyal Customers
627,Potential Loyalist
628,New Customers
629,Potential Loyalist
630,Potential Loyalist
631,New Customers
632,New Customers
633,Potential Loyalist
634,Potential Loyalist
635,New Customers
636,Potential Loyalist
637,Loyal Customers
638,Loyal Customers
639,Potential Loyalist
640,Loyal Customers
641,At Risk
642,Potential Loyalist
643,At Risk
644,At Risk
645,Potential Loyalist
646,At Risk
647,Loyal Customers
648,Potential Loyalist
649,New Customers
650,Potential Loyalist
651,New Customers
652,Loyal Customers
653,New Customers
654,New Customers
655,Potential Loyalist
656,Loyal Customers
657,Potential Loyalist
658,New Customers
659,At Risk
660,New Customers
661,Potential Loyalist
662,Potential Loyalist
663,New Customers
664,New Customers
665,Potential Loyalist
666,New Customers
667,Potential Loyalist
668,Potential Loyalist
669,Loyal Customers
670,At Risk
671,Potential Loyalist
672,New Customers
673,New Customers
674,Potential Loyalist
675,New Customers
676,Potential Loyalist
677,New Customers
678,New Customers
679,Loyal Customers
680,New Customers
681,Potential Loyalist
682,Potential Loyalist
683,New Customers
684,Potential Loyalist
685,Potential Loyalist
686,New Customers
687,New Customers
688,New Customers
689,New Customers
690,Potential Loyalist
691,Loyal Customers
692,Loyal Customers
693,Potential Loyalist
694,New Customers
695,Loyal Customers
696,New Customers
697,New Customers
698,New Customers
699,New Customers
700,Potential Loyalist
701,Potential Loyalist
702,New Customers
703,Potential Loyalist
704,Loyal Customers
705,New Customers
706,Potential Loyalist
707,Potential Loyalist
708,At Risk
709,At Risk
710,Potential Loyalist
711,New Customers
712,Loyal Customers
713,At Risk
714,Loyal Customers
715,At Risk
716,Potential Loyalist
717,Potential Loyalist
718,Potential Loyalist
719,Loyal Customers
720,Loyal Customers
721,Potential Loyalist
722,Potential Loyalist
723,Potential Loyalist
724,Loyal Customers
725,Loyal Customers
726,New Customers
727,Potential Loyalist
728,Loyal Customers
729,Loyal Customers
730,Potential Loyalist
731,New Customers
732,Potential Loyalist
733,Loyal Customers
734,New Customers
735,New Customers
736,Potential Loyalist
737,Potential Loyalist
738,Potential Loyalist
739,Loyal Customers
740,New Customers
741,At Risk
742,Potential Loyalist
743,Potential Loyalist
744,New Customers
745,New Customers
746,Potential Loyalist
747,New Customers
748,Loyal Customers
749,Potential Loyalist
750,Potential Loyalist
751,At Risk
752,Potential Loyalist
753,Loyal Customers
754,At Risk
755,New Customers
756,New Customers
757,New Customers
758,New Customers
759,Loyal Customers
760,Loyal Customers
761,At Risk
762,New Customers
763,Potential Loyalist
764,New Customers
765,Loyal Customers
766,Potential Loyalist
767,Potential Loyalist
768,Loyal Customers
769,Loyal Customers
770,Potential Loyalist
771,Potential Loyalist
772,Potential Loyalist
773,Loyal Customers
774,At Risk
775,Potential Loyalist
776,Loyal Customers
777,Potential Loyalist
778,At Risk
779,New Customers
780,New Customers
781,At Risk
782,Potential Loyalist
783,Potential Loyalist
784,At Risk
785,New Customers
786,Potential Loyalist
787,Loyal Customers
788,Potential Loyalist
789,Potential Loyalist
790,Loyal Customers
791,Potential Loyalist
792,Potential Loyalist
793,Loyal Customers
794,Potential Loyalist
795,Potential Loyalist
796,Potential Loyalist
797,New Customers
798,New Customers
799,Loyal Customers
800,Potential Loyalist
801,At Risk
802,Potential Loyalist
803,New Customers
804,New Customers
805,Potential Loyalist
806,New Customers
807,New Customers
808,At Risk
809,New Customers
810,New Customers
811,At Risk
812,At Risk
813,New Customers
814,New Customers
815,Potential Loyalist
816,New Customers
817,New Customers
818,Potential Loyalist
819,New Customers
820,Loyal Customers
821,New Customers
822,At Risk
823,Potential Loyalist
824,New Customers
825,Potential Loyalist
826,New Customers
827,Loyal Customers
828,New Customers
829,Potential Loyalist
830,At Risk
831,New Customers
832,Loyal Customers
833,Loyal Customers
834,New Customers
835,Loyal Customers
836,New Customers
837,At Risk
838,New Customers
839,New Customers
840,Potential Loyalist
841,Potential Loyalist
842,New Customers
843,New Customers
844,Loyal Customers
845,New Customers
846,New Customers
847,At Risk
848,At Risk
849,Potential Loyalist
850,Potential Loyalist
851,New Customers
853,Loyal Customers
854,New Customers
855,Potential Loyalist
856,Potential Loyalist
857,Potential Loyalist
858,Potential Loyalist
859,Potential Loyalist
860,Potential Loyalist
861,New Customers
862,New Customers
863,New Customers
864,Potential Loyalist
865,Potential Loyalist
866,Potential Loyalist
867,At Risk
868,Potential Loyalist
870,Potential Loyalist
871,Potential Loyalist
872,At Risk
873,New Customers
874,Potential Loyalist
875,Potential Loyalist
876,New Customers
877,Loyal Customers
878,New Customers
879,New Customers
880,New Customers
881,At Risk
882,Potential Loyalist
883,New Customers
884,Potential Loyalist
885,New Customers
886,Potential Loyalist
887,Loyal Customers
888,Potential Loyalist
889,New Customers
890,At Risk
891,Potential Loyalist
892,Loyal Customers
893,Potential Loyalist
894,Potential Loyalist
895,New Customers
896,New Customers
897,Potential Loyalist
898,At Risk
899,New Customers
900,New Customers
901,Potential Loyalist
902,Loyal Customers
903,Loyal Customers
904,New Customers
905,Potential Loyalist
906,Loyal Customers
907,Potential Loyalist
908,Potential Loyalist
909,At Risk
910,At Risk
911,New Customers
912,Potential Loyalist
913,At Risk
914,Potential Loyalist
915,New Customers
916,New Customers
917,Potential Loyalist
918,New Customers
919,Loyal Customers
920,Potential Loyalist
921,Loyal Customers
922,At Risk
923,Potential Loyalist
924,Loyal Customers
925,Loyal Customers
926,Potential Loyalist
927,At Risk
928,Potential Loyalist
929,New Customers
930,New Customers
931,Potential Loyalist
932,Potential Loyalist
933,Potential Loyalist
934,Loyal Customers
935,Potential Loyalist
936,Loyal Customers
937,New Customers
938,Potential Loyalist
939,New Customers
940,Potential Loyalist
941,Loyal Customers
942,At Risk
943,Potential Loyalist
944,Potential Loyalist
945,Potential Loyalist
946,Loyal Customers
947,New Customers
948,New Customers
949,Potential Loyalist
950,Potential Loyalist
951,Potential Loyalist
952,Potential Loyalist
953,Loyal Customers
954,At Risk
955,Potential Loyalist
956,At Risk
957,New Customers
958,Potential Loyalist
959,Potential Loyalist
960,New Customers
961,New Customers
962,Potential Loyalist
963,Loyal Customers
964,New Customers
965,New Customers
966,New Customers
967,New Customers
968,Potential Loyalist
969,Potential Loyalist
970,Potential Loyalist
971,Potential Loyalist
972,At Risk
973,Loyal Customers
974,Potential Loyalist
975,Loyal Customers
976,At Risk
977,New Customers
978,At Risk
979,Potential Loyalist
980,At Risk
981,Potential Loyalist
982,New Customers
983,Loyal Customers
984,Potential Loyalist
985,New Customers
986,Potential Loyalist
987,Loyal Customers
988,At Risk
989,Potential Loyalist
990,Potential Loyalist
991,Potential Loyalist
992,New Customers
993,Loyal Customers
994,New Customers
995,Potential Loyalist
996,Potential Loyalist
997,Potential Loyalist
998,At Risk
999,Loyal Customers
1000,Loyal Customers
1001,Potential Loyalist
1002,At Risk
1003,Loyal Customers
1004,At Risk
1005,At Risk
1006,Loyal Customers
1007,Potential Loyalist
1008,New Customers
1009,Potential Loyalist
1010,At Risk
1011,At Risk
1012,New Customers
1013,Potential Loyalist
1014,Potential Loyalist
1015,Potential Loyalist
1016,Potential Loyalist
1017,At Risk
1018,Potential Loyalist
1019,Potential Loyalist
1020,New Customers
1021,Loyal Customers
1022,Potential Loyalist
1023,At Risk
1024,Loyal Customers
1025,Potential Loyalist
1026,Potential Loyalist
1027,Potential Loyalist
1028,Loyal Customers
1029,Potential Loyalist
1030,Loyal Customers
1031,New Customers
1032,Potential Loyalist
1033,Loyal Customers
1034,New Customers
1035,New Customers
1036,At Risk
1037,Potential Loyalist
1038,New Customers
1039,Potential Loyalist
1040,At Risk
1041,New Customers
1042,New Customers
1043,Loyal Customers
1044,At Risk
1045,At Risk
1046,New Customers
1047,Potential Loyalist
1048,Potential Loyalist
1049,Loyal Customers
1050,Potential Loyalist
1051,At Risk
1052,Potential Loyalist
1053,At Risk
1054,Loyal Customers
1055,At Risk
1056,Potential Loyalist
1057,New Customers
1058,At Risk
1059,New Customers
1060,At Risk
1061,New Customers
1062,Potential Loyalist
1063,Potential Loyalist
1064,At Risk
1065,Potential Loyalist
1066,At Risk
1067,At Risk
1068,Loyal Customers
1069,At Risk
1070,New Customers
1071,Potential Loyalist
1072,New Customers
1073,Potential Loyalist
1074,Loyal Customers
1075,Potential Loyalist
1076,Loyal Customers
1077,Potential Loyalist
1078,New Customers
1079,New Customers
1080,New Customers
1081,Potential Loyalist
1082,New Customers
1083,At Risk
1084,Loyal Customers
1085,New Customers
1086,Loyal Customers
1087,New Customers
1088,Potential Loyalist
1089,At Risk
1090,Potential Loyalist
1091,Loyal Customers
1092,At Risk
1093,Loyal Customers
1094,Potential Loyalist
1095,New Customers
1096,New Customers
1097,At Risk
1098,Potential Loyalist
1099,At Risk
1100,New Customers
1101,Potential Loyalist
1102,Loyal Customers
1103,Loyal Customers
1104,Potential Loyalist
1105,New Customers
1106,Loyal Customers
1107,Potential Loyalist
1108,New Customers
1109,At Risk
1110,Potential Loyalist
1111,Potential Loyalist
1112,At Risk
1113,Loyal Customers
1114,New Customers
1115,Loyal Customers
1116,New Customers
1117,Loyal Customers
1118,New Customers
1119,Loyal Customers
1120,Potential Loyalist
1121,New Customers
1122,New Customers
1123,Potential Loyalist
1124,New Customers
1125,New Customers
1126,New Customers
1127,At Risk
1128,Potential Loyalist
1129,Loyal Customers
1130,Potential Loyalist
1131,Loyal Customers
1132,Loyal Customers
1133,Potential Loyalist
1134,Potential Loyalist
1135,At Risk
1136,Potential Loyalist
1137,Loyal Customers
1138,Potential Loyalist
1139,New Customers
1140,Loyal Customers
1141,At Risk
1142,New Customers
1143,Potential Loyalist
1144,Potential Loyalist
1145,New Customers
1146,New Customers
1147,At Risk
1148,New Customers
1149,At Risk
1150,Potential Loyalist
1151,Potential Loyalist
1152,Loyal Customers
1153,New Customers
1154,At Risk
1155,Potential Loyalist
1156,New Customers
1157,Potential Loyalist
1158,Potential Loyalist
1159,New Customers
1160,At Risk
1161,New Customers
1162,At Risk
1163,New Customers
1164,At Risk
1165,Potential Loyalist
1166,Potential Loyalist
1167,New Customers
1168,Loyal Customers
1169,Potential Loyalist
1170,Potential Loyalist
1171,Loyal Customers
1172,Potential Loyalist
1173,At Risk
1174,New Customers
1175,At Risk
1176,New Customers
1177,Potential Loyalist
1178,Loyal Customers
1179,New Customers
1180,New Customers
1181,Loyal Customers
1182,Potential Loyalist
1183,At Risk
1184,Potential Loyalist
1185,New Customers
1186,Potential Loyalist
1187,New Customers
1188,New Customers
1189,New Customers
1190,New Customers
1191,Potential Loyalist
1192,New Customers
1193,New Customers
1194,Potential Loyalist
1195,New Customers
1196,Potential Loyalist
1197,New Customers
1198,Potential Loyalist
1199,Potential Loyalist
1200,Potential Loyalist
1201,New Customers
1202,New Customers
1203,New Customers
1204,New Customers
1205,Loyal Customers
1206,New Customers
1207,Potential Loyalist
1208,Potential Loyalist
1209,At Risk
1210,Loyal Customers
1211,At Risk
1212,New Customers
1213,Potential Loyalist
1214,New Customers
1215,Potential Loyalist
1216,New Customers
1217,Potential Loyalist
1218,Potential Loyalist
1219,New Customers
1220,New Customers
1221,Potential Loyalist
1222,New Customers
1223,Potential Loyalist
1224,Loyal Customers
1225,New Customers
1226,New Customers
1227,Loyal Customers
1228,At Risk
1229,Potential Loyalist
1230,New Customers
1231,At Risk
1232,Loyal Customers
1233,Loyal Customers
1234,Potential Loyalist
1235,New Customers
1236,New Customers
1237,Loyal Customers
1238,New Customers
1239,Potential Loyalist
1240,New Customers
1241,Potential Loyalist
1242,New Customers
1243,Loyal Customers
1244,New Customers
1245,Potential Loyalist
1246,At Risk
1247,New Customers
1248,New Customers
1249,Potential Loyalist
1250,Loyal Customers
1251,New Customers
1252,Loyal Customers
1253,New Customers
1254,Potential Loyalist
1255,New Customers
1256,Potential Loyalist
1257,At Risk
1258,Loyal Customers
1259,Potential Loyalist
1260,New Customers
1261,Potential Loyalist
1262,New Customers
1263,Potential Loyalist
1264,New Customers
1265,New Customers
1266,At Risk
1267,At Risk
1268,New Customers
1269,At Risk
1270,At Risk
1271,At Risk
1272,Loyal Customers
1273,New Customers
1274,Loyal Customers
1275,At Risk
1276,New Customers
1277,New Customers
1278,New Customers
1279,Potential Loyalist
1280,New Customers
1281,New Customers
1282,Loyal Customers
1283,New Customers
1284,New Customers
1285,Loyal Customers
1286,Potential Loyalist
1287,Potential Loyalist
1288,Potential Loyalist
1289,Potential Loyalist
1290,Loyal Customers
1291,Potential Loyalist
1292,Potential Loyalist
1293,At Risk
1294,At Risk
1295,Potential Loyalist
1296,At Risk
1297,Potential Loyalist
1298,At Risk
1299,Loyal Customers
1300,Potential Loyalist
1301,Potential Loyalist
1302,Loyal Customers
1303,Potential Loyalist
1304,New Customers
1305,At Risk
1306,Potential Loyalist
1307,Loyal Customers
1308,Potential Loyalist
1309,New Customers
1310,New Customers
1311,New Customers
1312,New Customers
1313,Potential Loyalist
1314,Potential Loyalist
1315,Potential Loyalist
1316,Potential Loyalist
1317,Loyal Customers
1318,Potential Loyalist
1319,New Customers
1320,Potential Loyalist
1321,Potential Loyalist
1322,New Customers
1323,Potential Loyalist
1324,Potential Loyalist
1325,New Customers
1326,Potential Loyalist
1327,New Customers
1328,Loyal Customers
1329,Loyal Customers
1330,Potential Loyalist
1331,Loyal Customers
1332,Loyal Customers
1333,New Customers
1334,At Risk
1335,Potential Loyalist
1336,Potential Loyalist
1337,Potential Loyalist
1338,At Risk
1339,Potential Loyalist
1340,Potential Loyalist
1341,New Customers
1342,New Customers
1343,New Customers
1344,New Customers
1345,Potential Loyalist
1346,Loyal Customers
1347,Potential Loyalist
1348,Potential Loyalist
1349,Potential Loyalist
1350,At Risk
1351,Potential Loyalist
1352,New Customers
1353,Loyal Customers
1354,New Customers
1355,New Customers
1356,Potential Loyalist
1357,Loyal Customers
1358,Loyal Customers
1359,New Customers
1360,At Risk
1361,Potential Loyalist
1362,At Risk
1363,Potential Loyalist
1364,Potential Loyalist
1365,At Risk
1366,New Customers
1367,Potential Loyalist
1368,Potential Loyalist
1369,At Risk
1370,New Customers
1371,New Customers
1372,Potential Loyalist
1374,Loyal Customers
1375,Potential Loyalist
1376,Potential Loyalist
1377,Potential Loyalist
1378,Potential Loyalist
1379,Potential Loyalist
1380,At Risk
1381,Potential Loyalist
1382,At Risk
1383,New Customers
1384,Potential Loyalist
1385,At Risk
1386,New Customers
1387,At Risk
1388,Potential Loyalist
1389,Loyal Customers
1390,Loyal Customers
1391,New Customers
1392,New Customers
1393,New Customers
1394,At Risk
1395,New Customers
1396,Loyal Customers
1397,Potential Loyalist
1398,Potential Loyalist
1399,New Customers
1400,Potential Loyalist
1401,New Customers
1402,Potential Loyalist
1403,At Risk
1404,Loyal Customers
1405,Loyal Customers
1406,Potential Loyalist
1407,Loyal Customers
1408,New Customers
1409,Potential Loyalist
1410,Loyal Customers
1411,Potential Loyalist
1412,At Risk
1413,Potential Loyalist
1414,New Customers
1415,New Customers
1416,At Risk
1417,Potential Loyalist
1418,Potential Loyalist
1419,New Customers
1420,New Customers
1421,Potential Loyalist
1422,Potential Loyalist
1423,Potential Loyalist
1424,New Customers
1425,New Customers
1426,Potential Loyalist
1427,Potential Loyalist
1428,Loyal Customers
1429,New Customers
1430,New Customers
1431,New Customers
1432,Potential Loyalist
1433,At Risk
1434,At Risk
1435,Potential Loyalist
1436,Potential Loyalist
1437,At Risk
1438,Loyal Customers
1439,New Customers
1440,Potential Loyalist
1441,At Risk
1442,New Customers
1443,Loyal Customers
1444,New Customers
1445,Potential Loyalist
1446,Loyal Customers
1447,Potential Loyalist
1448,At Risk
1449,Potential Loyalist
1450,Potential Loyalist
1451,Potential Loyalist
1452,Potential Loyalist
1453,Potential Loyalist
1454,New Customers
1455,New Customers
1456,New Customers
1457,Potential Loyalist
1458,At Risk
1459,New Customers
1460,Loyal Customers
1461,Potential Loyalist
1462,New Customers
1463,Potential Loyalist
1464,Potential Loyalist
1465,New Customers
1466,New Customers
1467,Potential Loyalist
1468,Potential Loyalist
1469,Potential Loyalist
1470,Loyal Customers
1471,New Customers
1472,Potential Loyalist
1473,Loyal Customers
1474,New Customers
1475,Loyal Customers
1476,New Customers
1477,Loyal Customers
1478,Potential Loyalist
1479,New Customers
1480,Loyal Customers
1481,Potential Loyalist
1482,Loyal Customers
1483,Potential Loyalist
1484,New Customers
1485,New Customers
1486,New Customers
1487,New Customers
1488,New Customers
1489,New Customers
1490,New Customers
1491,At Risk
1492,Loyal Customers
1493,Loyal Customers
1494,Loyal Customers
1495,New Customers
1496,Potential Loyalist
1497,At Risk
1498,New Customers
1499,At Risk
1500,Potential Loyalist
1501,New Customers
1502,Loyal Customers
1503,Loyal Customers
1504,New Customers
1505,Potential Loyalist
1506,Loyal Customers
1507,New Customers
1508,New Customers
1509,New Customers
1510,New Customers
1511,Potential Loyalist
1512,New Customers
1513,Potential Loyalist
1514,Potential Loyalist
1515,Potential Loyalist
1516,Potential Loyalist
1517,Loyal Customers
1518,Potential Loyalist
1519,Loyal Customers
1520,At Risk
1521,New Customers
1522,Potential Loyalist
1523,New Customers
1524,Potential Loyalist
1525,New Customers
1526,Potential Loyalist
1527,Potential Loyalist
1528,Potential Loyalist
1529,At Risk
1530,Loyal Customers
1531,Potential Loyalist
1532,Potential Loyalist
1533,Potential Loyalist
1534,Potential Loyalist
1535,Potential Loyalist
1536,New Customers
1537,Loyal Customers
1538,New Customers
1539,Potential Loyalist
1540,Potential Loyalist
1541,Potential Loyalist
1542,At Risk
1543,New Customers
1544,At Risk
1545,Potential Loyalist
1546,Potential Loyalist
1547,Loyal Customers
1548,New Customers
1549,Potential Loyalist
1550,Potential Loyalist
1551,Potential Loyalist
1552,Potential Loyalist
1553,New Customers
1554,Loyal Customers
1555,Potential Loyalist
1556,Potential Loyalist
1557,Potential Loyalist
1558,Loyal Customers
1559,Loyal Customers
1560,At Risk
1561,Loyal Customers
1562,New Customers
1563,At Risk
1564,New Customers
1565,New Customers
1566,New Customers
1567,Loyal Customers
1568,At Risk
1569,New Customers
1570,Loyal Customers
1571,New Customers
1572,Potential Loyalist
1573,New Customers
1574,Loyal Customers
1575,New Customers
1576,Potential Loyalist
1577,Potential Loyalist
1578,Potential Loyalist
1579,Loyal Customers
1580,Potential Loyalist
1581,Potential Loyalist
1582,New Customers
1583,At Risk
1584,New Customers
1585,Potential Loyalist
1586,Potential Loyalist
1587,New Customers
1588,Potential Loyalist
1589,Potential Loyalist
1590,New Customers
1591,Loyal Customers
1592,New Customers
1593,Potential Loyalist
1594,Potential Loyalist
1595,Potential Loyalist
1596,At Risk
1597,Loyal Customers
1598,At Risk
1599,Loyal Customers
1600,Potential Loyalist
1601,New Customers
1602,Potential Loyalist
1603,New Customers
1604,New Customers
1605,At Risk
1606,New Customers
1607,New Customers
1608,New Customers
1609,Potential Loyalist
1610,Potential Loyalist
1611,Loyal Customers
1612,New Customers
1613,Potential Loyalist
1614,Potential Loyalist
1615,Potential Loyalist
1616,Loyal Customers
1617,Potential Loyalist
1618,New Customers
1619,Loyal Customers
1620,At Risk
1621,New Customers
1622,New Customers
1623,Potential Loyalist
1624,New Customers
1625,Loyal Customers
1626,At Risk
1627,Loyal Customers
1628,At Risk
1629,Potential Loyalist
1630,New Customers
1631,At Risk
1632,At Risk
1633,New Customers
1634,New Customers
1635,At Risk
1636,Potential Loyalist
1637,Potential Loyalist
1638,New Customers
1639,Potential Loyalist
1640,Potential Loyalist
1641,Loyal Customers
1642,New Customers
1643,Loyal Customers
1644,Potential Loyalist
1645,Potential Loyalist
1646,Potential Loyalist
1647,At Risk
1648,New Customers
1649,New Customers
1650,New Customers
1651,New Customers
1652,Potential Loyalist
1653,New Customers
1654,New Customers
1655,New Customers
1656,Potential Loyalist
1657,Potential Loyalist
1658,At Risk
1659,Potential Loyalist
1660,Potential Loyalist
1661,At Risk
1662,New Customers
1663,Potential Loyalist
1664,Potential Loyalist
1665,Potential Loyalist
1666,New Customers
1667,Potential Loyalist
1668,Potential Loyalist
1669,Potential Loyalist
1670,Loyal Customers
1671,New Customers
1672,Loyal Customers
1673,At Risk
1674,New Customers
1675,New Customers
1676,Potential Loyalist
1677,Potential Loyalist
1678,Loyal Customers
1679,At Risk
1680,At Risk
1681,Potential Loyalist
1682,Potential Loyalist
1683,Loyal Customers
1684,New Customers
1685,New Customers
1686,Loyal Customers
1687,New Customers
1688,Loyal Customers
1689,At Risk
1690,Loyal Customers
1691,Potential Loyalist
1692,At Risk
1693,Potential Loyalist
1694,Potential Loyalist
1695,Potential Loyalist
1696,Loyal Customers
1697,Potential Loyalist
1698,Loyal Customers
1699,Potential Loyalist
1700,Potential Loyalist
1701,New Customers
1702,Potential Loyalist
1703,New Customers
1704,At Risk
1705,New Customers
1706,Loyal Customers
1707,Potential Loyalist
1708,At Risk
1709,New Customers
1710,New Customers
1711,Potential Loyalist
1712,At Risk
1713,Potential Loyalist
1714,Potential Loyalist
1715,New Customers
1716,At Risk
1717,New Customers
1718,New Customers
1719,New Customers
1720,New Customers
1721,Potential Loyalist
1722,Loyal Customers
1723,New Customers
1724,New Customers
1725,Loyal Customers
1726,Loyal Customers
1727,Potential Loyalist
1728,Potential Loyalist
1729,Potential Loyalist
1730,New Customers
1731,Loyal Customers
1732,New Customers
1733,New Customers
1734,New Customers
1735,New Customers
1736,Potential Loyalist
1737,New Customers
1738,New Customers
1739,New Customers
1740,Loyal Customers
1741,New Customers
1742,Potential Loyalist
1743,Potential Loyalist
1744,At Risk
1745,Loyal Customers
1746,Potential Loyalist
1747,At Risk
1748,Loyal Customers
1749,New Customers
1750,Potential Loyalist
1751,New Customers
1752,Potential Loyalist
1753,New Customers
1754,At Risk
1755,Potential Loyalist
1756,New Customers
1757,At Risk
1758,Potential Loyalist
1759,Potential Loyalist
1760,Potential Loyalist
1761,Potential Loyalist
1762,Loyal Customers
1763,Potential Loyalist
1764,New Customers
1765,Potential Loyalist
1766,At Risk
1767,Potential Loyalist
1768,New Customers
1769,Potential Loyalist
1770,Potential Loyalist
1771,Potential Loyalist
1772,At Risk
1773,Loyal Customers
1774,New Customers
1775,Potential Loyalist
1776,Potential Loyalist
1777,Potential Loyalist
1778,At Risk
1779,Potential Loyalist
1780,New Customers
1781,New Customers
1782,Potential Loyalist
1783,Loyal Customers
1784,New Customers
1785,Potential Loyalist
1786,At Risk
1787,Potential Loyalist
1788,Loyal Customers
1789,New Customers
1790,New Customers
1791,Potential Loyalist
1792,Loyal Customers
1793,Potential Loyalist
1794,New Customers
1795,Potential Loyalist
1796,At Risk
1797,Loyal Customers
1798,Potential Loyalist
1799,New Customers
1800,At Risk
1801,Loyal Customers
1802,Loyal Customers
1803,Potential Loyalist
1804,New Customers
1805,New Customers
1806,Loyal Customers
1807,Potential Loyalist
1808,Loyal Customers
1809,Potential Loyalist
1810,New Customers
1811,Loyal Customers
1812,Loyal Customers
1813,Potential Loyalist
1814,Potential Loyalist
1815,New Customers
1816,New Customers
1817,Loyal Customers
1818,Potential Loyalist
1819,At Risk
1820,Loyal Customers
1821,Loyal Customers
1822,New Customers
1823,At Risk
1824,Potential Loyalist
1825,Potential Loyalist
1826,Potential Loyalist
1827,Potential Loyalist
1828,At Risk
1829,New Customers
1830,Potential Loyalist
1831,Potential Loyalist
1832,Loyal Customers
1833,New Customers
1834,At Risk
1835,Potential Loyalist
1836,At Risk
1837,Potential Loyalist
1838,Potential Loyalist
1839,Potential Loyalist
1840,Potential Loyalist
1841,New Customers
1842,At Risk
1843,At Risk
1844,Potential Loyalist
1845,Potential Loyalist
1846,At Risk
1847,New Customers
1848,Potential Loyalist
1849,Potential Loyalist
1850,Potential Loyalist
1851,At Risk
1852,Potential Loyalist
1853,Loyal Customers
1854,New Customers
1855,New Customers
1856,At Risk
1857,Potential Loyalist
1858,Loyal Customers
1859,Potential Loyalist
1860,Potential Loyalist
1861,Potential Loyalist
1862,Potential Loyalist
1863,Potential Loyalist
1864,Loyal Customers
1865,New Customers
1866,Loyal Customers
1867,Loyal Customers
1868,Potential Loyalist
1869,New Customers
1870,Potential Loyalist
1871,New Customers
1872,Potential Loyalist
1873,New Customers
1874,New Customers
1875,Potential Loyalist
1876,Potential Loyalist
1877,New Customers
1878,Potential Loyalist
1879,Potential Loyalist
1880,Potential Loyalist
1881,Potential Loyalist
1882,Potential Loyalist
1883,New Customers
1884,Potential Loyalist
1885,Loyal Customers
1886,New Customers
1887,Loyal Customers
1888,New Customers
1889,At Risk
1890,Loyal Customers
1891,Potential Loyalist
1892,New Customers
1893,Potential Loyalist
1894,New Customers
1895,New Customers
1896,At Risk
1897,Potential Loyalist
1898,Potential Loyalist
1899,New Customers
1900,New Customers
1901,Potential Loyalist
1902,New Customers
1903,New Customers
1904,New Customers
1905,Loyal Customers
1906,Potential Loyalist
1907,At Risk
1908,Potential Loyalist
1909,Potential Loyalist
1910,New Customers
1911,New Customers
1912,Potential Loyalist
1913,Loyal Customers
1914,Potential Loyalist
1915,New Customers
1916,Potential Loyalist
1917,Potential Loyalist
1918,Potential Loyalist
1919,New Customers
1920,New Customers
1921,New Customers
1922,New Customers
1923,New Customers
1924,New Customers
1925,Potential Loyalist
1926,Potential Loyalist
1927,Potential Loyalist
1928,New Customers
1929,New Customers
1930,Potential Loyalist
1931,New Customers
1932,Loyal Customers
1933,Loyal Customers
1934,Potential Loyalist
1935,Potential Loyalist
1936,Loyal Customers
1937,Potential Loyalist
1938,At Risk
1939,New Customers
1940,New Customers
1941,New Customers
1942,Potential Loyalist
1943,At Risk
1944,New Customers
1945,At Risk
1946,Loyal Customers
1947,Loyal Customers
1948,At Risk
1949,Potential Loyalist
1950,Loyal Customers
1951,Potential Loyalist
1952,Loyal Customers
1953,Potential Loyalist
1954,Loyal Customers
1955,New Customers
1956,New Customers
1957,Loyal Customers
1958,New Customers
1959,Potential Loyalist
1960,New Customers
1961,New Customers
1962,New Customers
1963,New Customers
1964,Potential Loyalist
1965,New Customers
1966,At Risk
1967,Potential Loyalist
1968,At Risk
1969,Potential Loyalist
1970,Loyal Customers
1971,Potential Loyalist
1972,New Customers
1973,New Customers
1974,New Customers
1975,At Risk
1976,At Risk
1977,New Customers
1978,New Customers
1979,Potential Loyalist
1980,Loyal Customers
1981,New Customers
1982,Loyal Customers
1983,New Customers
1984,Loyal Customers
1985,Potential Loyalist
1986,Potential Loyalist
1987,New Customers
1988,Loyal Customers
1989,New Customers
1990,Loyal Customers
1991,Loyal Customers
1992,Loyal Customers
1993,Loyal Customers
1994,Potential Loyalist
1995,At Risk
1996,Potential Loyalist
1997,New Customers
1998,At Risk
1999,Potential Loyalist
2000,New Customers
2001,Loyal Customers
2002,New Customers
2003,At Risk
2004,Potential Loyalist
2005,Potential Loyalist
2006,At Risk
2007,New Customers
2008,Potential Loyalist
2009,Potential Loyalist
2010,New Customers
2011,At Risk
2012,New Customers
2013,Loyal Customers
2014,Potential Loyalist
2015,Potential Loyalist
2016,Potential Loyalist
2017,Potential Loyalist
2018,Potential Loyalist
2019,Loyal Customers
2020,Potential Loyalist
2021,At Risk
2022,Potential Loyalist
2023,Loyal Customers
2024,Potential Loyalist
2025,At Risk
2026,At Risk
2027,Potential Loyalist
2028,Potential Loyalist
2029,Potential Loyalist
2030,At Risk
2031,New Customers
2032,New Customers
2033,Loyal Customers
2034,Potential Loyalist
2035,At Risk
2036,Loyal Customers
2037,New Customers
2038,New Customers
2039,At Risk
2040,New Customers
2041,Potential Loyalist
2042,New Customers
2043,At Risk
2044,Potential Loyalist
2045,Loyal Customers
2046,Loyal Customers
2047,New Customers
2048,Potential Loyalist
2049,Potential Loyalist
2050,New Customers
2051,Potential Loyalist
2052,Potential Loyalist
2053,Potential Loyalist
2054,New Customers
2055,Loyal Customers
2056,New Customers
2057,Potential Loyalist
2058,Potential Loyalist
2059,At Risk
2060,Loyal Customers
2061,Potential Loyalist
2062,Potential Loyalist
2063,New Customers
2064,Potential Loyalist
2065,At Risk
2066,Potential Loyalist
2067,Loyal Customers
2068,At Risk
2069,Potential Loyalist
2070,Loyal Customers
2071,Potential Loyalist
2072,Loyal Customers
2073,Potential Loyalist
2075,New Customers
2076,Loyal Customers
2077,At Risk
2078,Potential Loyalist
2079,New Customers
2080,At Risk
2081,New Customers
2082,Potential Loyalist
2083,Loyal Customers
2084,New Customers
2085,New Customers
2086,New Customers
2087,Potential Loyalist
2088,Potential Loyalist
2089,At Risk
2090,At Risk
2091,At Risk
2092,Potential Loyalist
2093,Potential Loyalist
2094,New Customers
2095,Loyal Customers
2096,Potential Loyalist
2097,Potential Loyalist
2098,Potential Loyalist
2099,Potential Loyalist
2100,New Customers
2101,Loyal Customers
2102,Potential Loyalist
2103,Loyal Customers
2104,Potential Loyalist
2105,Potential Loyalist
2106,New Customers
2107,New Customers
2108,New Customers
2109,Potential Loyalist
2110,Potential Loyalist
2111,Loyal Customers
2112,New Customers
2113,New Customers
2114,Potential Loyalist
2115,New Customers
2116,New Customers
2117,New Customers
2118,Potential Loyalist
2119,New Customers
2120,Loyal Customers
2121,Loyal Customers
2122,New Customers
2123,At Risk
2124,Potential Loyalist
2125,New Customers
2126,New Customers
2127,New Customers
2128,New Customers
2129,At Risk
2130,Loyal Customers
2131,Potential Loyalist
2132,Loyal Customers
2133,Potential Loyalist
2134,Potential Loyalist
2135,At Risk
2136,New Customers
2137,New Customers
2138,Loyal Customers
2139,Potential Loyalist
2140,Potential Loyalist
2141,New Customers
2142,Potential Loyalist
2143,Potential Loyalist
2144,Loyal Customers
2145,At Risk
2146,New Customers
2147,At Risk
2148,At Risk
2149,Potential Loyalist
2150,Potential Loyalist
2151,Potential Loyalist
2152,Loyal Customers
2153,Potential Loyalist
2154,Potential Loyalist
2155,Loyal Customers
2156,Potential Loyalist
2157,At Risk
2158,Potential Loyalist
2159,New Customers
2160,Potential Loyalist
2161,Potential Loyalist
2162,New Customers
2163,New Customers
2164,Potential Loyalist
2165,Loyal Customers
2166,Potential Loyalist
2167,At Risk
2168,New Customers
2169,Potential Loyalist
2170,Potential Loyalist
2171,Potential Loyalist
2172,New Customers
2173,At Risk
2174,Potential Loyalist
2175,New Customers
2176,New Customers
2177,Potential Loyalist
2178,New Customers
2179,Potential Loyalist
2180,Potential Loyalist
2181,Potential Loyalist
2182,Loyal Customers
2183,Loyal Customers
2184,Loyal Customers
2185,Potential Loyalist
2186,At Risk
2187,Potential Loyalist
2188,Potential Loyalist
2189,Loyal Customers
2190,Loyal Customers
2191,Potential Loyalist
2192,New Customers
2193,New Customers
2194,Potential Loyalist
2195,Potential Loyalist
2196,New Customers
2197,At Risk
2198,New Customers
2199,New Customers
2200,New Customers
2201,Loyal Customers
2202,Loyal Customers
2203,Potential Loyalist
2204,Potential Loyalist
2205,New Customers
2206,New Customers
2207,Potential Loyalist
2208,Potential Loyalist
2209,At Risk
2210,Loyal Customers
2211,At Risk
2212,Potential Loyalist
2213,Potential Loyalist
2214,New Customers
2215,New Customers
2216,New Customers
2217,Potential Loyalist
2218,New Customers
2219,Potential Loyalist
2220,New Customers
2221,Potential Loyalist
2222,Potential Loyalist
2223,Potential Loyalist
2224,At Risk
2225,At Risk
2226,Potential Loyalist
2227,New Customers
2228,At Risk
2229,New Customers
2230,Loyal Customers
2231,New Customers
2232,Potential Loyalist
2233,Potential Loyalist
2234,New Customers
2235,Potential Loyalist
2236,New Customers
2237,Potential Loyalist
2238,At Risk
2239,New Customers
2240,Loyal Customers
2241,New Customers
2242,At Risk
2243,At Risk
2244,Potential Loyalist
2245,Potential Loyalist
2246,New Customers
2247,Potential Loyalist
2248,Potential Loyalist
2249,Potential Loyalist
2250,At Risk
2251,Potential Loyalist
2252,At Risk
2253,Potential Loyalist
2254,New Customers
2255,At Risk
2256,At Risk
2257,Potential Loyalist
2258,Potential Loyalist
2259,At Risk
2260,Potential Loyalist
2261,New Customers
2262,New Customers
2263,Potential Loyalist
2264,At Risk
2265,New Customers
2266,Loyal Customers
2267,New Customers
2268,Loyal Customers
2269,Potential Loyalist
2270,Potential Loyalist
2271,At Risk
2272,Potential Loyalist
2273,Loyal Customers
2274,New Customers
2275,Potential Loyalist
2276,New Customers
2277,New Customers
2278,New Customers
2279,Potential Loyalist
2280,Potential Loyalist
2281,Potential Loyalist
2282,Potential Loyalist
2283,Potential Loyalist
2284,Potential Loyalist
2285,Potential Loyalist
2286,New Customers
2287,At Risk
2288,Potential Loyalist
2289,Potential Loyalist
2290,Potential Loyalist
2291,At Risk
2292,Potential Loyalist
2293,New Customers
2294,Potential Loyalist
2295,New Customers
2296,New Customers
2297,Potential Loyalist
2298,Potential Loyalist
2299,Potential Loyalist
2300,Potential Loyalist
2301,Loyal Customers
2302,New Customers
2303,At Risk
2304,Loyal Customers
2305,Potential Loyalist
2306,New Customers
2307,Loyal Customers
2308,Loyal Customers
2309,Loyal Customers
2310,Potential Loyalist
2311,Potential Loyalist
2312,Potential Loyalist
2313,Potential Loyalist
2314,New Customers
2315,At Risk
2316,New Customers
2317,Potential Loyalist
2318,Potential Loyalist
2319,Potential Loyalist
2320,New Customers
2321,At Risk
2322,New Customers
2323,At Risk
2324,New Customers
2325,Potential Loyalist
2326,At Risk
2327,At Risk
2328,At Risk
2329,New Customers
2330,New Customers
2331,Potential Loyalist
2332,New Customers
2333,New Customers
2334,New Customers
2335,Potential Loyalist
2336,Loyal Customers
2337,At Risk
2338,Potential Loyalist
2339,Loyal Customers
2340,Loyal Customers
2341,Loyal Customers
2342,New Customers
2343,New Customers
2344,Potential Loyalist
2345,Potential Loyalist
2346,At Risk
2347,Loyal Customers
2348,New Customers
2349,New Customers
2350,At Risk
2351,Potential Loyalist
2352,New Customers
2353,Loyal Customers
2354,New Customers
2355,Potential Loyalist
2356,At Risk
2357,New Customers
2358,Loyal Customers
2359,Potential Loyalist
2360,Potential Loyalist
2361,Potential Loyalist
2362,New Customers
2363,Potential Loyalist
2364,Potential Loyalist
2365,New Customers
2366,New Customers
2367,Potential Loyalist
2368,Potential Loyalist
2369,Loyal Customers
2370,New Customers
2371,Potential Loyalist
2372,Loyal Customers
2373,New Customers
2374,Potential Loyalist
2375,Loyal Customers
2376,New Customers
2377,Potential Loyalist
2378,New Customers
2379,Loyal Customers
2380,Potential Loyalist
2381,Potential Loyalist
2382,Potential Loyalist
2383,Loyal Customers
2384,Potential Loyalist
2385,Potential Loyalist
2386,Potential Loyalist
2387,At Risk
2388,Potential Loyalist
2389,New Customers
2390,Potential Loyalist
2391,Loyal Customers
2392,New Customers
2393,At Risk
2394,New Customers
2395,New Customers
2396,New Customers
2397,Loyal Customers
2398,At Risk
2399,Potential Loyalist
2400,Loyal Customers
2401,Loyal Customers
2402,New Customers
2403,At Risk
2404,At Risk
2405,New Customers
2406,New Customers
2407,New Customers
2408,New Customers
2409,Potential Loyalist
2410,Potential Loyalist
2411,At Risk
2412,Potential Loyalist
2413,Potential Loyalist
2414,New Customers
2415,New Customers
2416,At Risk
2417,New Customers
2418,Potential Loyalist
2419,Potential Loyalist
2420,At Risk
2421,New Customers
2422,New Customers
2423,New Customers
2424,Potential Loyalist
2425,Loyal Customers
2426,Potential Loyalist
2427,Potential Loyalist
2428,Loyal Customers
2429,At Risk
2430,At Risk
2431,At Risk
2432,Potential Loyalist
2433,Loyal Customers
2434,Loyal Customers
2435,Potential Loyalist
2436,New Customers
2437,At Risk
2438,Potential Loyalist
2439,Potential Loyalist
2440,New Customers
2441,New Customers
2442,Potential Loyalist
2443,Potential Loyalist
2444,New Customers
2445,New Customers
2446,Potential Loyalist
2447,Potential Loyalist
2448,Potential Loyalist
2449,Potential Loyalist
2450,New Customers
2451,New Customers
2452,New Customers
2453,Potential Loyalist
2454,Loyal Customers
2455,Potential Loyalist
2456,At Risk
2457,Potential Loyalist
2458,Loyal Customers
2459,Loyal Customers
2460,New Customers
2461,New Customers
2462,Potential Loyalist
2463,Loyal Customers
2464,Loyal Customers
2465,Loyal Customers
2466,New Customers
2467,New Customers
2468,Loyal Customers
2469,Loyal Customers
2470,New Customers
2471,New Customers
2472,Potential Loyalist
2473,At Risk
2474,Potential Loyalist
2475,Potential Loyalist
2476,Loyal Customers
2477,New Customers
2478,Potential Loyalist
2479,New Customers
2480,Potential Loyalist
2481,Potential Loyalist
2482,At Risk
2483,New Customers
2484,Potential Loyalist
2485,Potential Loyalist
2486,At Risk
2487,New Customers
2488,Potential Loyalist
2489,Loyal Customers
2490,Potential Loyalist
2491,New Customers
2492,Loyal Customers
2493,New Customers
2494,Potential Loyalist
2495,Potential Loyalist
2496,At Risk
2497,New Customers
2498,Loyal Customers
2499,At Risk
2500,New Customers
2501,Potential Loyalist
2502,New Customers
2503,New Customers
2504,New Customers
2505,Loyal Customers
2506,New Customers
2507,New Customers
2508,Loyal Customers
2509,Potential Loyalist
2510,Potential Loyalist
2511,New Customers
2512,Potential Loyalist
2513,Potential Loyalist
2514,New Customers
2515,New Customers
2516,New Customers
2517,At Risk
2518,Potential Loyalist
2519,New Customers
2520,New Customers
2521,At Risk
2522,Loyal Customers
2523,Loyal Customers
2524,At Risk
2525,At Risk
2526,Potential Loyalist
2527,Potential Loyalist
2528,Potential Loyalist
2529,Potential Loyalist
2530,Potential Loyalist
2531,Potential Loyalist
2532,At Risk
2533,New Customers
2534,Potential Loyalist
2535,Potential Loyalist
2536,Potential Loyalist
2537,Loyal Customers
2538,Loyal Customers
2539,New Customers
2540,Potential Loyalist
2541,New Customers
2542,Loyal Customers
2543,New Customers
2544,Potential Loyalist
2545,At Risk
2546,New Customers
2547,At Risk
2548,Loyal Customers
2549,New Customers
2550,Potential Loyalist
2551,At Risk
2552,Potential Loyalist
2553,At Risk
2554,New Customers
2555,Potential Loyalist
2556,New Customers
2557,New Customers
2558,New Customers
2559,Potential Loyalist
2560,Loyal Customers
2561,Potential Loyalist
2562,Potential Loyalist
2563,New Customers
2564,New Customers
2565,Loyal Customers
2566,Loyal Customers
2567,New Customers
2568,New Customers
2569,Potential Loyalist
2570,Potential Loyalist
2571,New Customers
2572,Loyal Customers
2573,New Customers
2574,Loyal Customers
2575,New Customers
2576,Potential Loyalist
2577,Potential Loyalist
2578,New Customers
2579,New Customers
2580,Loyal Customers
2581,At Risk
2582,New Customers
2583,New Customers
2584,New Customers
2585,Potential Loyalist
2586,New Customers
2587,Loyal Customers
2588,At Risk
2589,New Customers
2590,Potential Loyalist
2591,Potential Loyalist
2592,Loyal Customers
2593,New Customers
2594,Potential Loyalist
2595,Loyal Customers
2596,Potential Loyalist
2597,Potential Loyalist
2598,Potential Loyalist
2599,Potential Loyalist
2600,At Risk
2601,Loyal Customers
2602,Potential Loyalist
2603,Potential Loyalist
2604,Potential Loyalist
2605,Potential Loyalist
2606,Loyal Customers
2607,Potential Loyalist
2608,Potential Loyalist
2609,At Risk
2610,Potential Loyalist
2611,Potential Loyalist
2612,At Risk
2613,New Customers
2614,New Customers
2615,Loyal Customers
2616,Loyal Customers
2617,Potential Loyalist
2618,Loyal Customers
2619,New Customers
2620,Potential Loyalist
2621,Potential Loyalist
2622,Potential Loyalist
2623,Potential Loyalist
2624,New Customers
2625,New Customers
2626,New Customers
2627,Potential Loyalist
2628,At Risk
2629,Potential Loyalist
2630,Loyal Customers
2631,New Customers
2632,New Customers
2633,Loyal Customers
2634,At Risk
2635,Loyal Customers
2636,New Customers
2637,Loyal Customers
2638,Loyal Customers
2639,Potential Loyalist
2640,Loyal Customers
2641,Potential Loyalist
2642,New Customers
2643,New Customers
2644,New Customers
2645,Potential Loyalist
2646,At Risk
2647,Potential Loyalist
2648,Potential Loyalist
2649,At Risk
2650,Potential Loyalist
2651,Loyal Customers
2652,Potential Loyalist
2653,Loyal Customers
2654,Loyal Customers
2655,Potential Loyalist
2656,Potential Loyalist
2657,At Risk
2658,New Customers
2659,Loyal Customers
2661,New Customers
2662,Loyal Customers
2663,At Risk
2664,Potential Loyalist
2665,New Customers
2666,At Risk
2667,Potential Loyalist
2668,New Customers
2669,New Customers
2670,New Customers
2671,Potential Loyalist
2672,Potential Loyalist
2673,New Customers
2674,Potential Loyalist
2675,New Customers
2676,Potential Loyalist
2677,New Customers
2678,At Risk
2679,Potential Loyalist
2680,Loyal Customers
2681,New Customers
2682,Potential Loyalist
2683,Potential Loyalist
2684,Loyal Customers
2685,Potential Loyalist
2686,Loyal Customers
2687,Potential Loyalist
2688,New Customers
2689,New Customers
2690,New Customers
2691,Potential Loyalist
2692,New Customers
2693,Potential Loyalist
2694,New Customers
2695,Loyal Customers
2696,At Risk
2697,Potential Loyalist
2698,Potential Loyalist
2699,New Customers
2700,New Customers
2701,Loyal Customers
2702,Loyal Customers
2703,Potential Loyalist
2704,At Risk
2705,Loyal Customers
2706,At Risk
2707,New Customers
2708,New Customers
2709,New Customers
2710,New Customers
2711,Potential Loyalist
2712,Potential Loyalist
2713,New Customers
2714,New Customers
2715,Potential Loyalist
2716,At Risk
2717,Loyal Customers
2718,At Risk
2719,New Customers
2720,At Risk
2721,At Risk
2722,Potential Loyalist
2723,Loyal Customers
2724,At Risk
2725,At Risk
2726,Loyal Customers
2727,Potential Loyalist
2728,Loyal Customers
2729,Potential Loyalist
2730,Potential Loyalist
2731,New Customers
2732,Loyal Customers
2733,Loyal Customers
2734,New Customers
2735,At Risk
2736,New Customers
2737,Loyal Customers
2738,New Customers
2739,At Risk
2740,Loyal Customers
2741,New Customers
2742,New Customers
2743,New Customers
2744,At Risk
2745,At Risk
2746,New Customers
2747,Loyal Customers
2748,New Customers
2749,New Customers
2750,Loyal Customers
2751,Loyal Customers
2752,New Customers
2753,Loyal Customers
2754,At Risk
2755,Loyal Customers
2756,New Customers
2757,At Risk
2758,New Customers
2759,Potential Loyalist
2760,New Customers
2761,Loyal Customers
2762,Loyal Customers
2763,Potential Loyalist
2764,New Customers
2765,Potential Loyalist
2766,Potential Loyalist
2767,New Customers
2768,Potential Loyalist
2769,Potential Loyalist
2770,Loyal Customers
2771,Potential Loyalist
2772,New Customers
2773,New Customers
2774,New Customers
2775,Potential Loyalist
2776,New Customers
2777,Potential Loyalist
2778,New Customers
2779,Potential Loyalist
2780,Potential Loyalist
2781,New Customers
2782,At Risk
2783,Loyal Customers
2784,New Customers
2785,Potential Loyalist
2786,New Customers
2787,Potential Loyalist
2788,Loyal Customers
2789,New Customers
2790,New Customers
2791,Loyal Customers
2792,At Risk
2793,Loyal Customers
2794,Potential Loyalist
2795,New Customers
2796,Potential Loyalist
2797,Potential Loyalist
2798,At Risk
2799,Loyal Customers
2800,New Customers
2801,New Customers
2802,At Risk
2803,Potential Loyalist
2804,Potential Loyalist
2805,Potential Loyalist
2806,Potential Loyalist
2807,At Risk
2808,Potential Loyalist
2809,New Customers
2810,New Customers
2811,New Customers
2812,Potential Loyalist
2813,At Risk
2814,New Customers
2815,Loyal Customers
2816,Loyal Customers
2817,New Customers
2818,New Customers
2819,At Risk
2820,Potential Loyalist
2821,New Customers
2822,Loyal Customers
2823,New Customers
2824,Potential Loyalist
2825,At Risk
2826,Loyal Customers
2827,New Customers
2828,At Risk
2829,At Risk
2830,New Customers
2831,New Customers
2832,Potential Loyalist
2833,Potential Loyalist
2834,New Customers
2835,At Risk
2836,Loyal Customers
2837,Potential Loyalist
2838,New Customers
2839,Potential Loyalist
2840,New Customers
2841,Loyal Customers
2842,New Customers
2843,Potential Loyalist
2844,Potential Loyalist
2845,Potential Loyalist
2846,New Customers
2847,Potential Loyalist
2848,New Customers
2849,At Risk
2850,Potential Loyalist
2851,Loyal Customers
2852,Potential Loyalist
2853,Potential Loyalist
2854,New Customers
2855,New Customers
2856,Loyal Customers
2857,Potential Loyalist
2858,New Customers
2859,Potential Loyalist
2860,Loyal Customers
2861,Loyal Customers
2862,New Customers
2863,At Risk
2864,New Customers
2865,Loyal Customers
2866,New Customers
2867,New Customers
2868,New Customers
2869,Potential Loyalist
2870,At Risk
2871,Potential Loyalist
2872,Potential Loyalist
2873,New Customers
2874,Loyal Customers
2875,New Customers
2876,At Risk
2877,Loyal Customers
2878,New Customers
2879,Loyal Customers
2880,Loyal Customers
2881,Potential Loyalist
2882,At Risk
2883,Loyal Customers
2884,Potential Loyalist
2885,Loyal Customers
2886,Potential Loyalist
2887,Loyal Customers
2888,Potential Loyalist
2889,Potential Loyalist
2890,Potential Loyalist
2891,Potential Loyalist
2892,Potential Loyalist
2893,New Customers
2894,Loyal Customers
2895,At Risk
2896,At Risk
2897,New Customers
2898,New Customers
2899,Potential Loyalist
2900,New Customers
2901,Potential Loyalist
2902,At Risk
2903,New Customers
2904,Potential Loyalist
2905,New Customers
2906,New Customers
2907,Potential Loyalist
2908,New Customers
2909,Potential Loyalist
2910,Potential Loyalist
2911,At Risk
2912,Loyal Customers
2913,Potential Loyalist
2914,Loyal Customers
2915,Potential Loyalist
2916,Potential Loyalist
2917,At Risk
2918,Potential Loyalist
2919,Potential Loyalist
2920,New Customers
2921,New Customers
2922,New Customers
2923,Potential Loyalist
2924,Potential Loyalist
2925,New Customers
2926,At Risk
2927,New Customers
2928,At Risk
2929,Loyal Customers
2930,Potential Loyalist
2931,Potential Loyalist
2932,Loyal Customers
2933,New Customers
2934,Potential Loyalist
2935,Potential Loyalist
2936,Loyal Customers
2937,Loyal Customers
2938,Potential Loyalist
2939,New Customers
2940,Potential Loyalist
2941,At Risk
2942,Loyal Customers
2943,Potential Loyalist
2944,Potential Loyalist
2945,New Customers
2946,Loyal Customers
2947,Potential Loyalist
2948,New Customers
2949,New Customers
2950,New Customers
2951,Loyal Customers
2952,Potential Loyalist
2953,Potential Loyalist
2954,Potential Loyalist
2955,Potential Loyalist
2956,Potential Loyalist
2957,New Customers
2958,Potential Loyalist
2959,At Risk
2960,New Customers
2961,Potential Loyalist
2962,New Customers
2963,New Customers
2964,At Risk
2965,Potential Loyalist
2966,New Customers
2967,New Customers
2968,At Risk
2969,Potential Loyalist
2970,New Customers
2971,New Customers
2972,New Customers
2973,New Customers
2974,At Risk
2975,At Risk
2976,New Customers
2977,New Customers
2978,At Risk
2979,At Risk
2980,Potential Loyalist
2981,Potential Loyalist
2982,Potential Loyalist
2983,Potential Loyalist
2984,At Risk
2985,Loyal Customers
2986,Loyal Customers
2987,New Customers
2988,Potential Loyalist
2989,Loyal Customers
2990,Potential Loyalist
2991,Potential Loyalist
2992,Loyal Customers
2993,Loyal Customers
2994,New Customers
2995,New Customers
2996,New Customers
2997,Potential Loyalist
2998,New Customers
2999,Loyal Customers
3000,New Customers
3001,New Customers
3002,Potential Loyalist
3003,Potential Loyalist
3004,At Risk
3005,At Risk
3006,New Customers
3007,Potential Loyalist
3008,Potential Loyalist
3009,New Customers
3010,New Customers
3011,New Customers
3012,Potential Loyalist
3013,Loyal Customers
3014,Loyal Customers
3015,Loyal Customers
3016,Potential Loyalist
3017,Potential Loyalist
3018,New Customers
3019,New Customers
3020,Loyal Customers
3021,Potential Loyalist
3022,New Customers
3023,At Risk
3024,New Customers
3025,At Risk
3026,Potential Loyalist
3027,New Customers
3028,New Customers
3029,At Risk
3030,Potential Loyalist
3031,Potential Loyalist
3032,Loyal Customers
3033,At Risk
3034,New Customers
3035,New Customers
3036,At Risk
3037,At Risk
3038,Potential Loyalist
3039,Loyal Customers
3040,At Risk
3041,At Risk
3042,Potential Loyalist
3043,New Customers
3044,Loyal Customers
3045,Potential Loyalist
3046,At Risk
3047,Potential Loyalist
3048,Loyal Customers
3049,New Customers
3050,Loyal Customers
3051,At Risk
3052,New Customers
3053,At Risk
3054,Potential Loyalist
3055,Loyal Customers
3056,New Customers
3057,Potential Loyalist
3058,Potential Loyalist
3059,At Risk
3060,Loyal Customers
3061,Loyal Customers
3062,Potential Loyalist
3063,New Customers
3064,Potential Loyalist
3065,New Customers
3066,At Risk
3067,Potential Loyalist
3068,Potential Loyalist
3069,New Customers
3070,At Risk
3071,At Risk
3072,Potential Loyalist
3073,At Risk
3074,Potential Loyalist
3075,Potential Loyalist
3076,At Risk
3077,Potential Loyalist
3078,At Risk
3079,At Risk
3080,Loyal Customers
3081,Potential Loyalist
3082,New Customers
3083,Potential Loyalist
3084,Potential Loyalist
3085,New Customers
3086,Loyal Customers
3087,Potential Loyalist
3088,Potential Loyalist
3089,New Customers
3090,At Risk
3091,At Risk
3092,At Risk
3093,Loyal Customers
3094,At Risk
3095,Potential Loyalist
3096,New Customers
3097,New Customers
3098,New Customers
3099,New Customers
3100,New Customers
3101,New Customers
3102,New Customers
3103,Loyal Customers
3104,Potential Loyalist
3105,Potential Loyalist
3106,At Risk
3107,New Customers
3108,Loyal Customers
3109,At Risk
3110,New Customers
3111,New Customers
3112,Potential Loyalist
3113,Loyal Customers
3114,Potential Loyalist
3115,At Risk
3116,Potential Loyalist
3117,Loyal Customers
3118,Loyal Customers
3119,New Customers
3120,Potential Loyalist
3121,Potential Loyalist
3122,At Risk
3123,New Customers
3124,New Customers
3125,New Customers
3126,Loyal Customers
3127,New Customers
3128,Potential Loyalist
3129,Potential Loyalist
3130,Potential Loyalist
3131,Potential Loyalist
3132,New Customers
3133,Potential Loyalist
3134,Loyal Customers
3135,Potential Loyalist
3136,New Customers
3137,Potential Loyalist
3138,New Customers
3139,New Customers
3140,New Customers
3141,Potential Loyalist
3142,New Customers
3143,Loyal Customers
3144,New Customers
3145,Potential Loyalist
3146,Loyal Customers
3147,Potential Loyalist
3148,Potential Loyalist
3149,New Customers
3150,Potential Loyalist
3151,Loyal Customers
3152,Potential Loyalist
3153,Potential Loyalist
3154,Potential Loyalist
3155,New Customers
3156,New Customers
3157,Loyal Customers
3158,Potential Loyalist
3159,New Customers
3160,Potential Loyalist
3161,New Customers
3162,At Risk
3163,Potential Loyalist
3164,Potential Loyalist
3165,Potential Loyalist
3166,Potential Loyalist
3167,New Customers
3168,New Customers
3169,Potential Loyalist
3170,Potential Loyalist
3171,New Customers
3172,New Customers
3173,Potential Loyalist
3174,Potential Loyalist
3175,At Risk
3176,Potential Loyalist
3177,Potential Loyalist
3178,Potential Loyalist
3179,At Risk
3180,At Risk
3181,Potential Loyalist
3182,New Customers
3183,Potential Loyalist
3184,Loyal Customers
3185,Potential Loyalist
3186,Potential Loyalist
3187,New Customers
3188,At Risk
3189,New Customers
3190,Potential Loyalist
3191,Loyal Customers
3192,At Risk
3193,Potential Loyalist
3194,New Customers
3195,Loyal Customers
3196,Potential Loyalist
3197,New Customers
3198,New Customers
3199,Loyal Customers
3200,New Customers
3201,Potential Loyalist
3202,Loyal Customers
3203,New Customers
3204,Loyal Customers
3205,Potential Loyalist
3206,Potential Loyalist
3207,New Customers
3208,Loyal Customers
3209,New Customers
3210,New Customers
3211,New Customers
3212,Loyal Customers
3213,New Customers
3214,New Customers
3215,Loyal Customers
3216,New Customers
3217,Loyal Customers
3218,At Risk
3219,Potential Loyalist
3220,Potential Loyalist
3221,Loyal Customers
3222,New Customers
3223,Loyal Customers
3224,Loyal Customers
3225,Potential Loyalist
3226,New Customers
3227,Potential Loyalist
3228,Potential Loyalist
3230,Potential Loyalist
3231,Potential Loyalist
3232,Loyal Customers
3233,New Customers
3234,At Risk
3235,At Risk
3237,At Risk
3238,New Customers
3239,New Customers
3240,Loyal Customers
3241,Potential Loyalist
3242,Loyal Customers
3243,At Risk
3244,New Customers
3245,Potential Loyalist
3246,Potential Loyalist
3247,Potential Loyalist
3248,New Customers
3249,Loyal Customers
3250,Potential Loyalist
3251,Loyal Customers
3252,Potential Loyalist
3253,New Customers
3254,Potential Loyalist
3255,Potential Loyalist
3256,Loyal Customers
3257,New Customers
3258,Loyal Customers
3259,New Customers
3260,At Risk
3261,Potential Loyalist
3262,Loyal Customers
3263,New Customers
3264,Loyal Customers
3265,Potential Loyalist
3266,Potential Loyalist
3267,Potential Loyalist
3268,Potential Loyalist
3269,New Customers
3270,Potential Loyalist
3271,New Customers
3272,At Risk
3273,Loyal Customers
3274,New Customers
3275,New Customers
3276,Potential Loyalist
3277,Potential Loyalist
3278,New Customers
3279,At Risk
3280,Loyal Customers
3281,New Customers
3282,New Customers
3283,Potential Loyalist
3284,At Risk
3285,Potential Loyalist
3286,Loyal Customers
3287,New Customers
3288,Potential Loyalist
3289,Potential Loyalist
3290,Loyal Customers
3291,New Customers
3292,At Risk
3293,New Customers
3294,New Customers
3295,Loyal Customers
3296,Loyal Customers
3297,New Customers
3298,Potential Loyalist
3299,New Customers
3300,Potential Loyalist
3301,New Customers
3302,New Customers
3303,New Customers
3304,Loyal Customers
3305,New Customers
3306,Potential Loyalist
3307,Potential Loyalist
3308,New Customers
3309,New Customers
3310,New Customers
3311,New Customers
3312,New Customers
3313,Potential Loyalist
3314,Potential Loyalist
3315,Potential Loyalist
3316,New Customers
3317,New Customers
3318,At Risk
3319,Potential Loyalist
3320,Loyal Customers
3321,New Customers
3322,At Risk
3323,Potential Loyalist
3324,Loyal Customers
3325,Potential Loyalist
3326,Loyal Customers
3327,Potential Loyalist
3328,New Customers
3329,New Customers
3330,Loyal Customers
3331,Potential Loyalist
3332,Potential Loyalist
3333,At Risk
3334,Potential Loyalist
3335,Potential Loyalist
3336,Potential Loyalist
3337,Potential Loyalist
3338,New Customers
3339,New Customers
3340,Potential Loyalist
3341,New Customers
3342,Potential Loyalist
3343,Potential Loyalist
3344,Potential Loyalist
3345,New Customers
3346,New Customers
3347,New Customers
3348,At Risk
3349,At Risk
3350,Potential Loyalist
3351,Potential Loyalist
3352,Potential Loyalist
3353,Potential Loyalist
3354,At Risk
3355,New Customers
3356,Potential Loyalist
3357,New Customers
3358,Potential Loyalist
3359,New Customers
3360,Potential Loyalist
3361,Potential Loyalist
3362,New Customers
3363,Potential Loyalist
3364,At Risk
3365,Potential Loyalist
3366,New Customers
3367,Potential Loyalist
3368,Potential Loyalist
3369,Potential Loyalist
3370,Potential Loyalist
3371,Loyal Customers
3372,Potential Loyalist
3373,Potential Loyalist
3374,New Customers
3375,Loyal Customers
3376,New Customers
3377,Potential Loyalist
3378,New Customers
3379,Potential Loyalist
3380,Potential Loyalist
3381,At Risk
3382,Loyal Customers
3383,Potential Loyalist
3384,At Risk
3385,New Customers
3386,New Customers
3387,Loyal Customers
3388,Loyal Customers
3389,Potential Loyalist
3390,Potential Loyalist
3391,New Customers
3392,New Customers
3393,New Customers
3394,Potential Loyalist
3395,Potential Loyalist
3396,New Customers
3397,New Customers
3398,New Customers
3399,New Customers
3400,New Customers
3401,Potential Loyalist
3402,Loyal Customers
3403,At Risk
3404,New Customers
3405,Loyal Customers
3406,Loyal Customers
3407,Potential Loyalist
3408,New Customers
3409,Potential Loyalist
3410,At Risk
3411,Loyal Customers
3412,New Customers
3413,New Customers
3414,At Risk
3415,Potential Loyalist
3416,At Risk
3417,Potential Loyalist
3418,New Customers
3419,New Customers
3420,Loyal Customers
3421,Loyal Customers
3422,New Customers
3423,New Customers
3424,At Risk
3425,Potential Loyalist
3426,Potential Loyalist
3427,Loyal Customers
3428,New Customers
3429,At Risk
3430,Potential Loyalist
3431,Loyal Customers
3432,Potential Loyalist
3433,Loyal Customers
3434,Potential Loyalist
3435,At Risk
3436,Potential Loyalist
3437,Potential Loyalist
3438,At Risk
3439,Potential Loyalist
3440,New Customers
3441,At Risk
3442,At Risk
3443,Potential Loyalist
3444,New Customers
3445,Potential Loyalist
3446,New Customers
3447,Loyal Customers
3448,New Customers
3449,At Risk
3450,Potential Loyalist
3451,Potential Loyalist
3452,New Customers
3453,Potential Loyalist
3454,At Risk
3455,Potential Loyalist
3456,New Customers
3457,New Customers
3458,New Customers
3459,New Customers
3460,Loyal Customers
3461,Potential Loyalist
3462,New Customers
3463,New Customers
3464,New Customers
3465,Loyal Customers
3466,New Customers
3467,Potential Loyalist
3468,Potential Loyalist
3469,New Customers
3470,Loyal Customers
3471,At Risk
3472,Potential Loyalist
3473,New Customers
3474,New Customers
3475,New Customers
3476,New Customers
3477,Loyal Customers
3478,Potential Loyalist
3479,Potential Loyalist
3480,New Customers
3481,Potential Loyalist
3482,Loyal Customers
3483,Potential Loyalist
3484,Potential Loyalist
3485,New Customers
3486,New Customers
3487,New Customers
3488,New Customers
3489,Potential Loyalist
3490,At Risk
3491,At Risk
3492,New Customers
3493,Potential Loyalist
3494,New Customers
3495,Potential Loyalist
3496,At Risk
3497,New Customers
3498,At Risk
3499,Potential Loyalist
3500,At Risk
5034,New Customers
